DATE,TRANSACTION ID,DESCRIPTION,QUANTITY,SYMBOL,PRICE,COMMISSION,AMOUNT,REG FEE,SHORT-TERM RDM FEE,FUND REDEMPTION FEE, DEFERRED SALES CHARGE
01/03/2022,39830539869,REMOVAL OF OPTION DUE TO EXPIRATION (0SPY..XV10472000),1,,,,0.00,,,,
01/03/2022,39849993334,Bought 1 BA Jan 7 2022 207.5 Put @ 2.8,1,BA Jan 7 2022 207.5 Put,2.80,0.65,-280.66,0.01,,,
01/03/2022,39850074661,Sold 1 BA Jan 7 2022 207.5 Put @ 2.43,1,BA Jan 7 2022 207.5 Put,2.43,0.65,242.34,0.01,,,
01/03/2022,39856556746,Bought 1 FB Jan 21 2022 330.0 Put @ 4.85,1,FB Jan 21 2022 330.0 Put,4.85,0.65,-485.66,0.01,,,
01/04/2022,39883850262,Sold 1 FB Jan 21 2022 330.0 Put @ 6,1,FB Jan 21 2022 330.0 Put,6.00,0.65,599.34,0.01,,,
01/04/2022,39884680099,Bought 3 SQQQ Jan 7 2022 6.0 Call @ 0.16,3,SQQQ Jan 7 2022 6.0 Call,0.16,1.95,-49.98,0.03,,,
01/04/2022,39885483162,Bought 1 ZM Jan 7 2022 175.0 Put @ 4.1,1,ZM Jan 7 2022 175.0 Put,4.10,0.65,-410.66,0.01,,,
01/04/2022,39885593573,Sold 1 ZM Jan 7 2022 175.0 Put @ 4.35,1,ZM Jan 7 2022 175.0 Put,4.35,0.65,434.34,0.01,,,
01/04/2022,39890310740,Bought 1 ZM Jan 7 2022 195.0 Call @ 0.44,1,ZM Jan 7 2022 195.0 Call,0.44,0.65,-44.66,0.01,,,
01/05/2022,39917131451,Sold 1 ZM Jan 7 2022 195.0 Call @ 0.52,1,ZM Jan 7 2022 195.0 Call,0.52,0.65,51.34,0.01,,,
01/05/2022,39917374912,Bought 1 SNAP Mar 18 2022 35.0 Put @ 1.58,1,SNAP Mar 18 2022 35.0 Put,1.58,0.65,-158.66,0.01,,,
01/05/2022,39917933064,Bought 1 TSM Feb 18 2022 140.0 Call @ 2.7,1,TSM Feb 18 2022 140.0 Call,2.70,0.65,-270.66,0.01,,,
01/05/2022,39922032804,Sold 3 SQQQ Jan 7 2022 6.0 Call @ 0.4,3,SQQQ Jan 7 2022 6.0 Call,0.40,1.95,118.01,0.04,,,
01/05/2022,39922810425,Sold 1 TSM Feb 18 2022 140.0 Call @ 2.4,1,TSM Feb 18 2022 140.0 Call,2.40,0.65,239.34,0.01,,,
01/05/2022,39923010402,Bought 2 SPY Jan 5 2022 471.0 Put @ 0.76,2,SPY Jan 5 2022 471.0 Put,0.76,1.30,-153.32,0.02,,,
01/05/2022,39923542224,Sold 2 SPY Jan 5 2022 471.0 Put @ 1,2,SPY Jan 5 2022 471.0 Put,1.00,1.30,198.68,0.02,,,
01/05/2022,39923668524,Sold 2 SQQQ Jan 21 2022 5.5 Call @ 0.93,2,SQQQ Jan 21 2022 5.5 Call,0.93,1.30,184.68,0.02,,,
01/05/2022,39923727850,Bought 1 SPY Jan 7 2022 470.0 Put @ 1.96,1,SPY Jan 7 2022 470.0 Put,1.96,0.65,-196.66,0.01,,,
01/05/2022,39923838158,Bought 10 SPY Jan 5 2022 468.0 Put @ 0.06,10,SPY Jan 5 2022 468.0 Put,0.06,6.50,-66.59,0.09,,,
01/05/2022,39924214958,Sold 10 SPY Jan 5 2022 468.0 Put @ 0.17,10,SPY Jan 5 2022 468.0 Put,0.17,6.50,163.39,0.11,,,
01/05/2022,39924337972,Bought 1 SPY Jan 7 2022 466.0 Put @ 1.56,1,SPY Jan 7 2022 466.0 Put,1.56,0.65,-156.66,0.01,,,
01/05/2022,39924359219,Sold 1 SPY Jan 7 2022 470.0 Put @ 3.17,1,SPY Jan 7 2022 470.0 Put,3.17,0.65,316.34,0.01,,,
01/06/2022,39947675873,Bought 1 AAPL Jan 7 2022 172.5 Put @ 1.19,1,AAPL Jan 7 2022 172.5 Put,1.19,0.65,-119.66,0.01,,,
01/06/2022,39948518155,Bought 1 ZM Jan 14 2022 165.0 Put @ 2.75,1,ZM Jan 14 2022 165.0 Put,2.75,0.65,-275.66,0.01,,,
01/06/2022,39948859539,Sold 1 ZM Jan 14 2022 165.0 Put @ 2.32,1,ZM Jan 14 2022 165.0 Put,2.32,0.65,231.34,0.01,,,
01/06/2022,39949116669,Bought 2 SQQQ Jan 21 2022 5.5 Call @ 0.98,2,SQQQ Jan 21 2022 5.5 Call,0.98,1.30,-197.32,0.02,,,
01/06/2022,39949106922,Sold 1 AAPL Jan 7 2022 172.5 Put @ 0.89,1,AAPL Jan 7 2022 172.5 Put,0.89,0.65,88.34,0.01,,,
01/06/2022,39949986547,Sold 1 SPY Jan 7 2022 466.0 Put @ 1.03,1,SPY Jan 7 2022 466.0 Put,1.03,0.65,102.34,0.01,,,
01/06/2022,39950829517,Bought 1 SPY Jan 21 2022 465.0 Put @ 4.3,1,SPY Jan 21 2022 465.0 Put,4.30,0.65,-430.66,0.01,,,
01/06/2022,39954570233,Sold 2 SQQQ Jan 21 2022 5.5 Call @ 1.06,2,SQQQ Jan 21 2022 5.5 Call,1.06,1.30,210.68,0.02,,,
01/07/2022,39976678559,Bought 2 SQQQ Jan 21 2022 7.5 Call @ 0.15,2,SQQQ Jan 21 2022 7.5 Call,0.15,1.30,-31.32,0.02,,,
01/07/2022,39977233775,Sold 2 SQQQ Jan 21 2022 5.5 Call @ 1.2,2,SQQQ Jan 21 2022 5.5 Call,1.20,1.30,238.68,0.02,,,
01/07/2022,39977361868,Sold 1 SPY Jan 21 2022 465.0 Put @ 5.35,1,SPY Jan 21 2022 465.0 Put,5.35,0.65,534.34,0.01,,,
01/07/2022,39977994154,Sold 2 SQQQ Jan 21 2022 7.5 Call @ 0.19,2,SQQQ Jan 21 2022 7.5 Call,0.19,1.30,36.68,0.02,,,
01/07/2022,39983455556,Bought 1 SPY Jan 7 2022 466.0 Put @ 0.11,1,SPY Jan 7 2022 466.0 Put,0.11,0.65,-11.66,0.01,,,
01/10/2022,39997745323,REMOVAL OF OPTION DUE TO EXPIRATION (0HOG..M720034000),1,,,,0.00,,,,
01/10/2022,39997753413,REMOVAL OF OPTION DUE TO EXPIRATION (0SPY..M720466000),1,,,,0.00,,,,
01/10/2022,40007282680,Sold 1 SNAP Mar 18 2022 35.0 Put @ 2.6,1,SNAP Mar 18 2022 35.0 Put,2.60,0.65,259.34,0.01,,,
01/10/2022,40008147552,Bought 1 ZM Jan 28 2022 165.0 Put @ 8.5,1,ZM Jan 28 2022 165.0 Put,8.50,0.65,-850.66,0.01,,,
01/10/2022,40008732560,Sold 1 ZM Jan 28 2022 165.0 Put @ 8.35,1,ZM Jan 28 2022 165.0 Put,8.35,0.65,834.34,0.01,,,
01/10/2022,40013114407,Bought 1 SPY Jan 10 2022 460.0 Put @ 0.17,1,SPY Jan 10 2022 460.0 Put,0.17,0.65,-17.66,0.01,,,
01/10/2022,40013710522,Bought 3 SQQQ Jan 28 2022 7.0 Call @ 0.38,3,SQQQ Jan 28 2022 7.0 Call,0.38,1.95,-115.98,0.03,,,
01/10/2022,40013935890,Bought 3 SQQQ Jan 14 2022 7.0 Call @ 0.15,3,SQQQ Jan 14 2022 7.0 Call,0.15,1.95,-46.98,0.03,,,
01/11/2022,40032070446,REMOVAL OF OPTION DUE TO EXPIRATION (0SPY..MA20460000),1,,,,0.00,,,,
01/11/2022,40035738128,Sold 3 SQQQ Jan 28 2022 7.0 Call @ 0.27,3,SQQQ Jan 28 2022 7.0 Call,0.27,1.95,79.01,0.04,,,
01/11/2022,40036530693,Bought 6 SQQQ Jan 14 2022 7.0 Call @ 0.07,6,SQQQ Jan 14 2022 7.0 Call,0.07,3.90,-45.96,0.06,,,
01/12/2022,40060270721,Bought 1 TSM Feb 18 2022 135.0 Call @ 4.7,1,TSM Feb 18 2022 135.0 Call,4.70,0.65,-470.66,0.01,,,
01/12/2022,40060430668,Bought 1 SPY Jan 28 2022 470.0 Put @ 5.5,1,SPY Jan 28 2022 470.0 Put,5.50,0.65,-550.66,0.01,,,
01/12/2022,40063674845,Sold 1 TSM Feb 18 2022 135.0 Call @ 5.1,1,TSM Feb 18 2022 135.0 Call,5.10,0.65,509.34,0.01,,,
01/12/2022,40063700427,Bought 1 TSM Feb 18 2022 155.0 Call @ 0.98,1,TSM Feb 18 2022 155.0 Call,0.98,0.65,-98.66,0.01,,,
01/12/2022,40063739301,Bought 1 TSM Jan 14 2022 132.0 Put @ 3.05,1,TSM Jan 14 2022 132.0 Put,3.05,0.65,-305.66,0.01,,,
01/12/2022,40063834927,Sold 1 TSM Jan 14 2022 132.0 Put @ 3.15,1,TSM Jan 14 2022 132.0 Put,3.15,0.65,314.34,0.01,,,
01/13/2022,40079478749,MANDATORY REVERSE SPLIT (0SQQQ.AE20007000),9,,,,0.00,,,,
01/13/2022,40079478751,MANDATORY REVERSE SPLIT (SQQQ1 Jan 14 2022 7.0 Call),9,SQQQ1 Jan 14 2022 7.0 Call,,,0.00,,,,
01/13/2022,40081451163,Sold 1 TSM Feb 18 2022 155.0 Call @ 2.54,1,TSM Feb 18 2022 155.0 Call,2.54,0.65,253.34,0.01,,,
01/13/2022,40083740311,Bought 1 TSM Feb 18 2022 155.0 Call @ 1.8,1,TSM Feb 18 2022 155.0 Call,1.80,0.65,-180.66,0.01,,,
01/13/2022,40083992641,Sold 1 TSM Feb 18 2022 155.0 Call @ 2.02,1,TSM Feb 18 2022 155.0 Call,2.02,0.65,201.34,0.01,,,
01/13/2022,40087690098,Sold 1 SPY Jan 28 2022 470.0 Put @ 7.79,1,SPY Jan 28 2022 470.0 Put,7.79,0.65,778.34,0.01,,,
01/13/2022,40087717574,Bought 1 SPY Jan 14 2022 464.0 Put @ 1.2,1,SPY Jan 14 2022 464.0 Put,1.20,0.65,-120.66,0.01,,,
01/13/2022,40087979048,Bought 1 TSM Feb 4 2022 150.0 Call @ 2,1,TSM Feb 4 2022 150.0 Call,2.00,0.65,-200.66,0.01,,,
01/13/2022,40088397414,Sold 1 TSM Feb 4 2022 150.0 Call @ 1.89,1,TSM Feb 4 2022 150.0 Call,1.89,0.65,188.34,0.01,,,
01/14/2022,40110356588,Sold 1 SPY Jan 14 2022 464.0 Put @ 1.64,1,SPY Jan 14 2022 464.0 Put,1.64,0.65,163.34,0.01,,,
01/18/2022,40131292206,REMOVAL OF OPTION DUE TO EXPIRATION (0SQQQ1AE20007000),9,,,,0.00,,,,
01/20/2022,40201201848,Bought 1 SQQQ Jan 28 2022 38.0 Call @ 2.08,1,SQQQ Jan 28 2022 38.0 Call,2.08,0.65,-208.66,0.01,,,
01/20/2022,40201425974,Bought 1 SQQQ Jan 28 2022 36.0 Put @ 1.11,1,SQQQ Jan 28 2022 36.0 Put,1.11,0.65,-111.66,0.01,,,
01/20/2022,40201875130,Sold 1 SQQQ Jan 28 2022 38.0 Call @ 2.5,1,SQQQ Jan 28 2022 38.0 Call,2.50,0.65,249.34,0.01,,,
01/20/2022,40202050016,Bought 1 SQQQ Jan 28 2022 41.0 Call @ 1.45,1,SQQQ Jan 28 2022 41.0 Call,1.45,0.65,-145.66,0.01,,,
01/21/2022,40222042321,Sold 1 SQQQ Jan 28 2022 36.0 Put @ 0.7,1,SQQQ Jan 28 2022 36.0 Put,0.70,0.65,69.34,0.01,,,
01/21/2022,40222014755,Sold 1 SQQQ Jan 28 2022 41.0 Call @ 2.28,1,SQQQ Jan 28 2022 41.0 Call,2.28,0.65,227.34,0.01,,,
01/21/2022,40222780544,Bought 1 XBI Jan 28 2022 85.0 Put @ 0.85,1,XBI Jan 28 2022 85.0 Put,0.85,0.65,-85.66,0.01,,,
01/24/2022,40256090611,Bought 1 SNAP Jan 28 2022 29.0 Put @ 1.24,1,SNAP Jan 28 2022 29.0 Put,1.24,0.65,-124.66,0.01,,,
01/24/2022,40257454052,Sold 1 XBI Jan 28 2022 85.0 Put @ 1.6,1,XBI Jan 28 2022 85.0 Put,1.60,0.65,159.34,0.01,,,
01/24/2022,40258046900,Bought 1 XBI Jan 28 2022 85.0 Put @ 1.65,1,XBI Jan 28 2022 85.0 Put,1.65,0.65,-165.66,0.01,,,
01/24/2022,40260364214,Sold 1 XBI Jan 28 2022 85.0 Put @ 2.2,1,XBI Jan 28 2022 85.0 Put,2.20,0.65,219.34,0.01,,,
01/24/2022,40261849604,Bought 1 NAVI Feb 18 2022 15.0 Put @ 0.3,1,NAVI Feb 18 2022 15.0 Put,0.30,0.65,-30.66,0.01,,,
01/24/2022,40262772892,Sold 1 SNAP Jan 28 2022 29.0 Put @ 1.13,1,SNAP Jan 28 2022 29.0 Put,1.13,0.65,112.34,0.01,,,
01/24/2022,40263127495,Bought 1 INTU Mar 18 2022 400.0 Put @ 7.1,1,INTU Mar 18 2022 400.0 Put,7.10,0.65,-710.66,0.01,,,
01/24/2022,40266572419,Bought 1 NAVI Feb 18 2022 15.0 Put @ 0.25,1,NAVI Feb 18 2022 15.0 Put,0.25,0.65,-25.66,0.01,,,
01/24/2022,40266631435,Bought 1 RUN Feb 18 2022 30.0 Call @ 1.82,1,RUN Feb 18 2022 30.0 Call,1.82,0.65,-182.66,0.01,,,
01/25/2022,40290234724,Sold 1 RUN Feb 18 2022 30.0 Call @ 1.4,1,RUN Feb 18 2022 30.0 Call,1.40,0.65,139.34,0.01,,,
01/25/2022,40292293490,Sold 1 INTU Mar 18 2022 400.0 Put @ 7.1,1,INTU Mar 18 2022 400.0 Put,7.10,0.65,709.34,0.01,,,
01/25/2022,40296328504,Bought 1 MSFT Jan 28 2022 220.0 Put @ 0.24,1,MSFT Jan 28 2022 220.0 Put,0.24,0.65,-24.66,0.01,,,
01/26/2022,40324398356,Bought 1 NAVI Feb 18 2022 17.5 Put @ 1.19,1,NAVI Feb 18 2022 17.5 Put,1.19,0.65,-119.66,0.01,,,
01/26/2022,40327268935,Bought 1 SQQQ Jan 28 2022 42.0 Call @ 2,1,SQQQ Jan 28 2022 42.0 Call,2.00,0.65,-200.66,0.01,,,
01/26/2022,40327379931,Sold 1 SQQQ Jan 28 2022 42.0 Call @ 1.95,1,SQQQ Jan 28 2022 42.0 Call,1.95,0.65,194.34,0.01,,,
01/26/2022,40327432794,Bought 1 SPY Jan 26 2022 453.0 Call @ 0.09,1,SPY Jan 26 2022 453.0 Call,0.09,0.65,-9.66,0.01,,,
01/26/2022,40327425613,Bought 1 SPY Jan 26 2022 428.0 Put @ 0.19,1,SPY Jan 26 2022 428.0 Put,0.19,0.65,-19.66,0.01,,,
01/26/2022,40329175720,Sold 1 SPY Jan 26 2022 428.0 Put @ 1.2,1,SPY Jan 26 2022 428.0 Put,1.20,0.65,119.34,0.01,,,
01/26/2022,40329719928,Sold 1 NAVI Feb 18 2022 17.5 Put @ 1.5,1,NAVI Feb 18 2022 17.5 Put,1.50,0.65,149.34,0.01,,,
01/26/2022,40330319097,Bought 1 SNAP Feb 18 2022 25.0 Put @ 1.71,1,SNAP Feb 18 2022 25.0 Put,1.71,0.65,-171.66,0.01,,,
01/27/2022,40349356396,REMOVAL OF OPTION DUE TO EXPIRATION (0SPY..AQ20453000),1,,,,0.00,,,,
01/27/2022,40357832319,Bought 1 TSLA Feb 4 2022 520.0 Put @ 0.22,1,TSLA Feb 4 2022 520.0 Put,0.22,0.65,-22.66,0.01,,,
01/28/2022,40380532948,Bought 1 LCID Feb 4 2022 26.0 Put @ 1.93,1,LCID Feb 4 2022 26.0 Put,1.93,0.65,-193.66,0.01,,,
01/28/2022,40382220217,Bought 2 SNAP Jan 28 2022 30.0 Put @ 0.45,2,SNAP Jan 28 2022 30.0 Put,0.45,1.30,-91.32,0.02,,,
01/28/2022,40383003009,Bought 1 PTON Feb 18 2022 26.0 Call @ 2.5,1,PTON Feb 18 2022 26.0 Call,2.50,0.65,-250.66,0.01,,,
01/28/2022,40385695530,Sold 2 SNAP Jan 28 2022 30.0 Put @ 0.8,2,SNAP Jan 28 2022 30.0 Put,0.80,1.30,158.68,0.02,,,
01/28/2022,40387225919,Bought 1 SNAP Feb 18 2022 35.0 Call @ 1.38,1,SNAP Feb 18 2022 35.0 Call,1.38,0.65,-138.66,0.01,,,
01/31/2022,40402259945,REMOVAL OF OPTION DUE TO EXPIRATION (0MSFT.MS20220000),1,,,,0.00,,,,
01/31/2022,40414492724,Sold 1 SNAP Feb 18 2022 25.0 Put @ 0.94,1,SNAP Feb 18 2022 25.0 Put,0.94,0.65,93.34,0.01,,,
01/31/2022,40414710895,Sold 1 SNAP Feb 18 2022 35.0 Call @ 2.1,1,SNAP Feb 18 2022 35.0 Call,2.10,0.65,209.34,0.01,,,
01/31/2022,40415169969,Sold 1 PTON Feb 18 2022 26.0 Call @ 3.45,1,PTON Feb 18 2022 26.0 Call,3.45,0.65,344.34,0.01,,,
01/31/2022,40415252916,Sold 1 LCID Feb 4 2022 26.0 Put @ 0.4,1,LCID Feb 4 2022 26.0 Put,0.40,0.65,39.34,0.01,,,
01/31/2022,40415242970,Bought 1 SPWR Feb 4 2022 19.0 Call @ 0.05,1,SPWR Feb 4 2022 19.0 Call,0.05,0.65,-5.66,0.01,,,
02/01/2022,40473774467,Bought 1 LCID Feb 11 2022 29.0 Put @ 1.88,1,LCID Feb 11 2022 29.0 Put,1.88,0.65,-188.66,0.01,,,
02/01/2022,40474163352,Bought 1 SQQQ Feb 4 2022 37.0 Put @ 1,1,SQQQ Feb 4 2022 37.0 Put,1.00,0.65,-100.66,0.01,,,
02/01/2022,40474291693,Bought 1 SQQQ Feb 18 2022 40.0 Call @ 2.27,1,SQQQ Feb 18 2022 40.0 Call,2.27,0.65,-227.66,0.01,,,
02/01/2022,40476023217,Sold 1 SQQQ Feb 4 2022 37.0 Put @ 1.25,1,SQQQ Feb 4 2022 37.0 Put,1.25,0.65,124.34,0.01,,,
02/01/2022,40476070412,Bought 1 SPWR Mar 18 2022 17.0 Call @ 1.65,1,SPWR Mar 18 2022 17.0 Call,1.65,0.65,-165.66,0.01,,,
02/01/2022,40477292502,Sold 1 SPWR Mar 18 2022 17.0 Call @ 1.52,1,SPWR Mar 18 2022 17.0 Call,1.52,0.65,151.34,0.01,,,
02/02/2022,40512395763,Sold 1 LCID Feb 11 2022 29.0 Put @ 2.68,1,LCID Feb 11 2022 29.0 Put,2.68,0.65,267.34,0.01,,,
02/03/2022,40531460676,Bought 1 TSLA Sep 16 2022 200.0 Put @ 1.9,1,TSLA Sep 16 2022 200.0 Put,1.90,0.65,-190.66,0.01,,,
02/03/2022,40540018987,Bought 1 NAVI Feb 18 2022 15.0 Put @ 0.05,1,NAVI Feb 18 2022 15.0 Put,0.05,0.65,-5.66,0.01,,,
02/03/2022,40534784881,Bought 1 LCID Jan 20 2023 5.0 Put @ 0.38,1,LCID Jan 20 2023 5.0 Put,0.38,0.65,-38.66,0.01,,,
02/03/2022,40534792463,Bought 1 LCID Jan 20 2023 5.0 Put @ 0.39,1,LCID Jan 20 2023 5.0 Put,0.39,0.65,-39.66,0.01,,,
02/03/2022,40538390940,Bought 1 TSM Mar 4 2022 115.0 Put @ 2.85,1,TSM Mar 4 2022 115.0 Put,2.85,0.65,-285.66,0.01,,,
02/03/2022,40538619142,Bought 1 QCOM Feb 11 2022 170.0 Put @ 1.4,1,QCOM Feb 11 2022 170.0 Put,1.40,0.65,-140.66,0.01,,,
02/03/2022,40538908276,Bought 1 SQQQ Feb 18 2022 37.0 Put @ 1.71,1,SQQQ Feb 18 2022 37.0 Put,1.71,0.65,-171.66,0.01,,,
02/04/2022,40570523966,Sold 1 TSM Mar 4 2022 115.0 Put @ 2.3,1,TSM Mar 4 2022 115.0 Put,2.30,0.65,229.34,0.01,,,
02/07/2022,40585293918,REMOVAL OF OPTION DUE TO EXPIRATION (0SPWR.B420019000),1,,,,0.00,,,,
02/07/2022,40585323870,REMOVAL OF OPTION DUE TO EXPIRATION (0TSLA.N420520000),1,,,,0.00,,,,
02/07/2022,40596839173,Bought 1 CVS Feb 18 2022 94.0 Put @ 0.17,1,CVS Feb 18 2022 94.0 Put,0.17,0.65,-17.66,0.01,,,
02/07/2022,40598532802,Sold 1 QCOM Feb 11 2022 170.0 Put @ 0.95,1,QCOM Feb 11 2022 170.0 Put,0.95,0.65,94.34,0.01,,,
02/07/2022,40599108301,Bought 1 QCOM Mar 4 2022 170.0 Put @ 4,1,QCOM Mar 4 2022 170.0 Put,4.00,0.65,-400.66,0.01,,,
02/09/2022,40651682868,Bought 1 QCOM Feb 25 2022 182.5 Call @ 4.65,1,QCOM Feb 25 2022 182.5 Call,4.65,0.65,-465.66,0.01,,,
02/09/2022,40654474220,Bought 1 BDX Mar 18 2022 270.0 Put @ 3.7,1,BDX Mar 18 2022 270.0 Put,3.70,0.65,-370.66,0.01,,,
02/09/2022,40655757655,Sold 1 SQQQ Feb 18 2022 37.0 Put @ 2.23,1,SQQQ Feb 18 2022 37.0 Put,2.23,0.65,222.34,0.01,,,
02/10/2022,40685573446,Sold 1 QCOM Feb 25 2022 182.5 Call @ 3.85,1,QCOM Feb 25 2022 182.5 Call,3.85,0.65,384.34,0.01,,,
02/10/2022,40689510918,Sold 1 BDX Mar 18 2022 270.0 Put @ 7,1,BDX Mar 18 2022 270.0 Put,7.00,0.65,699.34,0.01,,,
02/10/2022,40689542986,Bought 1 BDX Feb 25 2022 267.5 Put @ 3,1,BDX Feb 25 2022 267.5 Put,3.00,0.65,-300.66,0.01,,,
02/10/2022,40690222343,Bought 1 QCOM Feb 18 2022 180.0 Call @ 2.06,1,QCOM Feb 18 2022 180.0 Call,2.06,0.65,-206.66,0.01,,,
02/11/2022,40711247243,Sold 1 QCOM Feb 18 2022 180.0 Call @ 1.27,1,QCOM Feb 18 2022 180.0 Call,1.27,0.65,126.34,0.01,,,
02/11/2022,40713249676,Bought 1 QCOM Feb 11 2022 167.5 Put @ 0.4,1,QCOM Feb 11 2022 167.5 Put,0.40,0.65,-40.66,0.01,,,
02/11/2022,40713660531,Bought 1 QCOM Feb 11 2022 167.5 Put @ 0.2,1,QCOM Feb 11 2022 167.5 Put,0.20,0.65,-20.66,0.01,,,
02/11/2022,40715686185,Sold 2 QCOM Feb 11 2022 167.5 Put @ 1,2,QCOM Feb 11 2022 167.5 Put,1.00,1.30,198.68,0.02,,,
02/11/2022,40716479700,Sold 1 QCOM Mar 4 2022 170.0 Put @ 9.25,1,QCOM Mar 4 2022 170.0 Put,9.25,0.65,924.34,0.01,,,
02/15/2022,40769468980,Bought 1 QCOM Mar 4 2022 175.0 Call @ 3.7,1,QCOM Mar 4 2022 175.0 Call,3.70,0.65,-370.66,0.01,,,
02/15/2022,40770318990,Sold 1 QCOM Mar 4 2022 175.0 Call @ 4.25,1,QCOM Mar 4 2022 175.0 Call,4.25,0.65,424.34,0.01,,,
02/15/2022,40774420379,Bought 1 SPY Feb 16 2022 450.0 Call @ 0.7,1,SPY Feb 16 2022 450.0 Call,0.70,0.65,-70.66,0.01,,,
02/17/2022,40815074066,REMOVAL OF OPTION DUE TO EXPIRATION (0SPY..BG20450000),1,,,,0.00,,,,
02/17/2022,40817172546,Sold 1 BDX Feb 25 2022 267.5 Put @ 4.9,1,BDX Feb 25 2022 267.5 Put,4.90,0.65,489.34,0.01,,,
02/17/2022,40823274312,Sold 1 SQQQ Feb 18 2022 40.0 Call @ 1.9,1,SQQQ Feb 18 2022 40.0 Call,1.90,0.65,189.34,0.01,,,
02/17/2022,40823332962,Bought 1 SQQQ Feb 18 2022 43.0 Call @ 0.51,1,SQQQ Feb 18 2022 43.0 Call,0.51,0.65,-51.66,0.01,,,
02/18/2022,40844203525,Sold 1 SQQQ Feb 18 2022 43.0 Call @ 1,1,SQQQ Feb 18 2022 43.0 Call,1.00,0.65,99.34,0.01,,,
02/22/2022,40863016415,REMOVAL OF OPTION DUE TO EXPIRATION (0CVS..NI20094000),1,,,,0.00,,,,
02/22/2022,40863913473,REMOVAL OF OPTION DUE TO EXPIRATION (0NAVI.NI20015000),3,,,,0.00,,,,
02/22/2022,40873084530,Bought 1 TSM Jul 15 2022 100.0 Put @ 4.45,1,TSM Jul 15 2022 100.0 Put,4.45,0.65,-445.66,0.01,,,
02/24/2022,40929282751,Bought 1 SARK Apr 14 2022 53.0 Call @ 4.5,1,SARK Apr 14 2022 53.0 Call,4.50,0.65,-450.66,0.01,,,
02/24/2022,40931188088,Bought 1 TSM Mar 4 2022 112.0 Call @ 2.78,1,TSM Mar 4 2022 112.0 Call,2.78,0.65,-278.66,0.01,,,
02/25/2022,40957424034,Sold 1 TSM Mar 4 2022 112.0 Call @ 1.95,1,TSM Mar 4 2022 112.0 Call,1.95,0.65,194.34,0.01,,,
02/25/2022,40959378903,Sold 1 SARK Apr 14 2022 53.0 Call @ 3.1,1,SARK Apr 14 2022 53.0 Call,3.10,0.65,309.34,0.01,,,
02/28/2022,40991336384,Bought 9 SPY Mar 30 2022 500.0 Call @ 0.06,9,SPY Mar 30 2022 500.0 Call,0.06,5.85,-59.94,0.09,,,
02/28/2022,40991391318,Bought 1 SPY Mar 18 2022 400.0 Put @ 2.39,1,SPY Mar 18 2022 400.0 Put,2.39,0.65,-239.66,0.01,,,
03/01/2022,41055101861,Bought 1 SARK Mar 18 2022 47.0 Call @ 2.8,1,SARK Mar 18 2022 47.0 Call,2.80,0.65,-280.66,0.01,,,
03/01/2022,41056004918,Sold 1 SPY Mar 18 2022 400.0 Put @ 4.6,1,SPY Mar 18 2022 400.0 Put,4.60,0.65,459.34,0.01,,,
03/01/2022,41056037071,Bought 1 SPY Mar 4 2022 400.0 Put @ 0.51,1,SPY Mar 4 2022 400.0 Put,0.51,0.65,-51.66,0.01,,,
03/01/2022,41056256031,Sold 1 SARK Mar 18 2022 47.0 Call @ 3.1,1,SARK Mar 18 2022 47.0 Call,3.10,0.65,309.34,0.01,,,
03/02/2022,41083518425,Bought 1 TSM Apr 14 2022 120.0 Call @ 2.38,1,TSM Apr 14 2022 120.0 Call,2.38,0.65,-238.66,0.01,,,
03/04/2022,41135448642,Sold 1 TSM Apr 14 2022 120.0 Call @ 1.8,1,TSM Apr 14 2022 120.0 Call,1.80,0.65,179.34,0.01,,,
03/04/2022,41135580310,Bought 1 SARK Mar 18 2022 55.0 Call @ 1.99,1,SARK Mar 18 2022 55.0 Call,1.99,0.65,-199.66,0.01,,,
03/04/2022,41136787097,Bought 3 SPY Mar 31 2022 460.0 Call @ 1.22,3,SPY Mar 31 2022 460.0 Call,1.22,1.95,-367.98,0.03,,,
03/04/2022,41136895292,Bought 1 SPY Mar 4 2022 420.0 Put @ 0.25,1,SPY Mar 4 2022 420.0 Put,0.25,0.65,-25.66,0.01,,,
03/07/2022,41158593764,REMOVAL OF OPTION DUE TO EXPIRATION (0SPY..O420420000),1,,,,0.00,,,,
03/07/2022,41158617760,REMOVAL OF OPTION DUE TO EXPIRATION (0SPY..O420400000),1,,,,0.00,,,,
03/07/2022,41173736950,Bought 1 SPY Mar 31 2022 367.0 Put @ 1.64,1,SPY Mar 31 2022 367.0 Put,1.64,0.65,-164.66,0.01,,,
03/07/2022,41176741457,Bought 1 TSM Mar 11 2022 104.0 Call @ 1.21,1,TSM Mar 11 2022 104.0 Call,1.21,0.65,-121.66,0.01,,,
03/07/2022,41181777940,Sold 1 SARK Mar 18 2022 55.0 Call @ 3,1,SARK Mar 18 2022 55.0 Call,3.00,0.65,299.34,0.01,,,
03/07/2022,41181935595,Bought 1 SARK Mar 18 2022 60.0 Call @ 1.45,1,SARK Mar 18 2022 60.0 Call,1.45,0.65,-145.66,0.01,,,
03/08/2022,41207546075,Bought 1 MSFT Apr 1 2022 240.0 Put @ 3.5,1,MSFT Apr 1 2022 240.0 Put,3.50,0.65,-350.66,0.01,,,
03/08/2022,41209385799,Bought 1 MSFT Mar 11 2022 290.0 Call @ 1.44,1,MSFT Mar 11 2022 290.0 Call,1.44,0.65,-144.66,0.01,,,
03/09/2022,41236442546,Sold 1 TSM Mar 11 2022 104.0 Call @ 2.12,1,TSM Mar 11 2022 104.0 Call,2.12,0.65,211.34,0.01,,,
03/09/2022,41236802458,Sold 1 MSFT Mar 11 2022 290.0 Call @ 1.5,1,MSFT Mar 11 2022 290.0 Call,1.50,0.65,149.34,0.01,,,
03/09/2022,41237253150,Bought 1 SPY Mar 11 2022 405.0 Put @ 0.5,1,SPY Mar 11 2022 405.0 Put,0.50,0.65,-50.66,0.01,,,
03/14/2022,41317250203,REMOVAL OF OPTION DUE TO EXPIRATION (0SPY..OB20405000),1,,,,0.00,,,,
03/14/2022,41329872498,Sold 1 SARK Mar 18 2022 60.0 Call @ 2.6,1,SARK Mar 18 2022 60.0 Call,2.60,0.65,259.34,0.01,,,
03/14/2022,41329889100,Bought 1 SARK Apr 14 2022 70.0 Call @ 2.6,1,SARK Apr 14 2022 70.0 Call,2.60,0.65,-260.66,0.01,,,
03/16/2022,41384981122,Bought 1 SARK Mar 18 2022 48.0 Put @ 0.1,1,SARK Mar 18 2022 48.0 Put,0.10,0.65,-10.66,0.01,,,
03/16/2022,41390644111,Bought 4 SARK Mar 18 2022 48.0 Put @ 0.1,4,SARK Mar 18 2022 48.0 Put,0.10,2.60,-42.64,0.04,,,
03/17/2022,41414639589,Bought 1 MSFT Apr 1 2022 310.0 Call @ 1.09,1,MSFT Apr 1 2022 310.0 Call,1.09,0.65,-109.66,0.01,,,
03/17/2022,41415165163,Sold 5 SARK Mar 18 2022 48.0 Put @ 0.2,5,SARK Mar 18 2022 48.0 Put,0.20,3.25,96.69,0.06,,,
03/18/2022,41443165622,Sold 1 MSFT Apr 1 2022 310.0 Call @ 2,1,MSFT Apr 1 2022 310.0 Call,2.00,0.65,199.34,0.01,,,
03/18/2022,41443135085,Bought 1 TSM Mar 25 2022 109.0 Call @ 0.97,1,TSM Mar 25 2022 109.0 Call,0.97,0.65,-97.66,0.01,,,
03/21/2022,41464895775,Bought 1 TSM Mar 25 2022 101.0 Put @ 0.5,1,TSM Mar 25 2022 101.0 Put,0.50,0.65,-50.66,0.01,,,
03/22/2022,41490146454,Sold 1 TSM Mar 25 2022 109.0 Call @ 0.76,1,TSM Mar 25 2022 109.0 Call,0.76,0.65,75.34,0.01,,,
03/22/2022,41492291269,Bought 1 SPWR Apr 1 2022 22.0 Call @ 0.96,1,SPWR Apr 1 2022 22.0 Call,0.96,0.65,-96.66,0.01,,,
03/22/2022,41492892113,Bought 1 TSM Apr 8 2022 114.0 Call @ 0.78,1,TSM Apr 8 2022 114.0 Call,0.78,0.65,-78.66,0.01,,,
03/22/2022,41492909943,Sold 3 SPY Mar 31 2022 460.0 Call @ 1.21,3,SPY Mar 31 2022 460.0 Call,1.21,1.95,361.01,0.04,,,
03/22/2022,41497129328,Bought 10 SPY Mar 30 2022 500.0 Call @ 0.01,10,SPY Mar 30 2022 500.0 Call,0.01,6.50,-16.60,0.10,,,
03/22/2022,41497130701,Bought 1 SPY Mar 30 2022 500.0 Call @ 0.01,1,SPY Mar 30 2022 500.0 Call,0.01,0.65,-1.66,0.01,,,
03/23/2022,41521890775,Sold 1 SPWR Apr 1 2022 22.0 Call @ 0.81,1,SPWR Apr 1 2022 22.0 Call,0.81,0.65,80.34,0.01,,,
03/25/2022,41587966582,Sold 1 TLRY Apr 1 2022 6.5 Put @ 0.33,1,TLRY Apr 1 2022 6.5 Put,0.33,0.65,32.34,0.01,,,
03/25/2022,41588378130,Bought 1 TLRY Mar 25 2022 7.5 Put @ 0.25,1,TLRY Mar 25 2022 7.5 Put,0.25,0.65,-25.66,0.01,,,
03/25/2022,41596772256,Bought 2 TLRY Jun 17 2022 12.0 Call @ 1.2,2,TLRY Jun 17 2022 12.0 Call,1.20,1.30,-241.32,0.02,,,
03/28/2022,41610388014,REMOVAL OF OPTION DUE TO EXPIRATION (0TLRY.OP20007500),1,,,,0.00,,,,
03/28/2022,41610803536,REMOVAL OF OPTION DUE TO EXPIRATION (0TSM..OP20101000),1,,,,0.00,,,,
03/28/2022,41624460033,Bought 1 BABA Apr 14 2022 125.0 Call @ 2.6,1,BABA Apr 14 2022 125.0 Call,2.60,0.65,-260.66,0.01,,,
03/28/2022,41625799171,Bought 1 RUN Apr 14 2022 30.0 Put @ 1.15,1,RUN Apr 14 2022 30.0 Put,1.15,0.65,-115.66,0.01,,,
03/28/2022,41627051415,Sold 1 RUN Apr 14 2022 30.0 Put @ 1.4,1,RUN Apr 14 2022 30.0 Put,1.40,0.65,139.34,0.01,,,
03/28/2022,41627483581,Bought 1 TSM Apr 8 2022 103.0 Put @ 1.6,1,TSM Apr 8 2022 103.0 Put,1.60,0.65,-160.66,0.01,,,
03/28/2022,41627493208,Sold 1 TSM Apr 8 2022 103.0 Put @ 1.61,1,TSM Apr 8 2022 103.0 Put,1.61,0.65,160.34,0.01,,,
03/29/2022,41657787027,Sold 1 BABA Apr 14 2022 125.0 Call @ 4,1,BABA Apr 14 2022 125.0 Call,4.00,0.65,399.34,0.01,,,
03/29/2022,41660251681,Sold 2 TLRY Jun 17 2022 12.0 Call @ 0.81,2,TLRY Jun 17 2022 12.0 Call,0.81,1.30,160.68,0.02,,,
03/29/2022,41662533369,Bought 1 RUN Apr 14 2022 30.0 Put @ 0.86,1,RUN Apr 14 2022 30.0 Put,0.86,0.65,-86.66,0.01,,,
03/29/2022,41662870399,Bought 1 RUN Apr 14 2022 35.0 Call @ 1.23,1,RUN Apr 14 2022 35.0 Call,1.23,0.65,-123.66,0.01,,,
03/29/2022,41662903500,Bought 1 TLRY Jun 17 2022 12.0 Call @ 1.07,1,TLRY Jun 17 2022 12.0 Call,1.07,0.65,-107.66,0.01,,,
03/29/2022,41663058594,Bought 2 SARK Apr 14 2022 41.0 Put @ 0.85,2,SARK Apr 14 2022 41.0 Put,0.85,1.30,-171.32,0.02,,,
03/29/2022,41665458323,Sold 1 TSM Jul 15 2022 100.0 Put @ 4.1,1,TSM Jul 15 2022 100.0 Put,4.10,0.65,409.34,0.01,,,
03/29/2022,41666097857,Sold 1 RUN Apr 14 2022 35.0 Call @ 1.7,1,RUN Apr 14 2022 35.0 Call,1.70,0.65,169.34,0.01,,,
03/29/2022,41666978647,Sold 1 RUN Apr 14 2022 30.0 Put @ 0.64,1,RUN Apr 14 2022 30.0 Put,0.64,0.65,63.34,0.01,,,
03/29/2022,41666992418,Sold 2 SARK Apr 14 2022 41.0 Put @ 1.1,2,SARK Apr 14 2022 41.0 Put,1.10,1.30,218.68,0.02,,,
03/29/2022,41667013570,Bought 2 TSM Apr 8 2022 114.0 Call @ 0.72,2,TSM Apr 8 2022 114.0 Call,0.72,1.30,-145.32,0.02,,,
03/29/2022,41667095750,Bought 3 SPY Apr 14 2022 485.0 Call @ 0.19,3,SPY Apr 14 2022 485.0 Call,0.19,1.95,-58.98,0.03,,,
03/29/2022,41667680333,Bought 1 TSM Apr 8 2022 101.0 Put @ 0.26,1,TSM Apr 8 2022 101.0 Put,0.26,0.65,-26.66,0.01,,,
03/30/2022,41698980766,Bought 1 TSM Apr 8 2022 101.0 Put @ 0.29,1,TSM Apr 8 2022 101.0 Put,0.29,0.65,-29.66,0.01,,,
03/30/2022,41699020543,Bought 1 TSM Apr 8 2022 101.0 Put @ 0.26,1,TSM Apr 8 2022 101.0 Put,0.26,0.65,-26.66,0.01,,,
03/30/2022,41699088435,Bought 1 SARK May 20 2022 50.0 Call @ 1.95,1,SARK May 20 2022 50.0 Call,1.95,0.65,-195.66,0.01,,,
03/30/2022,41699060086,Sold 1 TSM Apr 8 2022 114.0 Call @ 0.5,1,TSM Apr 8 2022 114.0 Call,0.50,0.65,49.34,0.01,,,
03/30/2022,41699659747,Sold 1 TLRY Apr 8 2022 7.5 Put @ 0.35,1,TLRY Apr 8 2022 7.5 Put,0.35,0.65,34.34,0.01,,,
03/31/2022,41737995387,REMOVAL OF OPTION DUE TO EXPIRATION (0SPY..CU20500000),20,,,,0.00,,,,
03/31/2022,41739871998,Sold 2 TSM Apr 8 2022 101.0 Put @ 0.5,2,TSM Apr 8 2022 101.0 Put,0.50,1.30,98.68,0.02,,,
03/31/2022,41741611979,Bought 1 TLRY Apr 8 2022 7.5 Put @ 0.59,1,TLRY Apr 8 2022 7.5 Put,0.59,0.65,-59.66,0.01,,,
03/31/2022,41746438731,Sold 1 TSM Apr 8 2022 101.0 Put @ 0.66,1,TSM Apr 8 2022 101.0 Put,0.66,0.65,65.34,0.01,,,
03/31/2022,41746446860,Bought 2 TSM Apr 8 2022 101.0 Put @ 0.67,2,TSM Apr 8 2022 101.0 Put,0.67,1.30,-135.32,0.02,,,
03/31/2022,41746454350,Sold 1 TLRY Jun 17 2022 12.0 Call @ 0.74,1,TLRY Jun 17 2022 12.0 Call,0.74,0.65,73.34,0.01,,,
04/01/2022,41795350543,REMOVAL OF OPTION DUE TO EXPIRATION (0SPY..OV20367000),1,,,,0.00,,,,
04/01/2022,41802551594,Sold 2 TSM Apr 8 2022 101.0 Put @ 1.25,2,TSM Apr 8 2022 101.0 Put,1.25,1.30,248.68,0.02,,,
04/01/2022,41802623682,Bought 1 QCOM Jun 17 2022 130.0 Put @ 5.8,1,QCOM Jun 17 2022 130.0 Put,5.80,0.65,-580.66,0.01,,,
04/01/2022,41802740388,Bought 1 TSM Apr 14 2022 102.0 Put @ 2.8,1,TSM Apr 14 2022 102.0 Put,2.80,0.65,-280.66,0.01,,,
04/01/2022,41802806667,Bought 2 TLRY Apr 22 2022 7.0 Put @ 0.6,2,TLRY Apr 22 2022 7.0 Put,0.60,1.30,-121.32,0.02,,,
04/01/2022,41804265501,Bought 1 SQQQ Apr 22 2022 37.0 Call @ 1.54,1,SQQQ Apr 22 2022 37.0 Call,1.54,0.65,-154.66,0.01,,,
04/04/2022,41822811043,REMOVAL OF OPTION DUE TO EXPIRATION (0TLRY.P120006500),1,,,,0.00,,,,
04/04/2022,41823106905,REMOVAL OF OPTION DUE TO EXPIRATION (0MSFT.P120240000),1,,,,0.00,,,,
04/04/2022,41835617111,Bought 1 QCOM Apr 14 2022 152.5 Call @ 3.7,1,QCOM Apr 14 2022 152.5 Call,3.70,0.65,-370.66,0.01,,,
04/04/2022,41839969636,Sold 1 QCOM Apr 14 2022 152.5 Call @ 4.5,1,QCOM Apr 14 2022 152.5 Call,4.50,0.65,449.34,0.01,,,
04/04/2022,41840431406,Sold 1 SQQQ Apr 22 2022 37.0 Call @ 0.58,1,SQQQ Apr 22 2022 37.0 Call,0.58,0.65,57.34,0.01,,,
04/05/2022,41863434348,Sold 1 TSM Apr 14 2022 102.0 Put @ 2.43,1,TSM Apr 14 2022 102.0 Put,2.43,0.65,242.34,0.01,,,
04/05/2022,41865382412,Bought 1 TLRY Apr 14 2022 7.5 Call @ 0.35,1,TLRY Apr 14 2022 7.5 Call,0.35,0.65,-35.66,0.01,,,
04/05/2022,41866103854,Sold 1 SARK May 20 2022 50.0 Call @ 2.3,1,SARK May 20 2022 50.0 Call,2.30,0.65,229.34,0.01,,,
04/06/2022,41893187959,Sold 1 QCOM Jun 17 2022 130.0 Put @ 8,1,QCOM Jun 17 2022 130.0 Put,8.00,0.65,799.34,0.01,,,
04/06/2022,41896106330,Sold 1 TLRY Apr 14 2022 7.5 Call @ 0.78,1,TLRY Apr 14 2022 7.5 Call,0.78,0.65,77.34,0.01,,,
04/06/2022,41899897891,Bought 1 TSM Apr 22 2022 97.0 Put @ 1.95,1,TSM Apr 22 2022 97.0 Put,1.95,0.65,-195.66,0.01,,,
04/07/2022,41933847999,Sold 2 TLRY Apr 22 2022 7.0 Put @ 0.88,2,TLRY Apr 22 2022 7.0 Put,0.88,1.30,174.68,0.02,,,
04/07/2022,41936503964,Bought 1 LCID Apr 8 2022 21.0 Put @ 0.14,1,LCID Apr 8 2022 21.0 Put,0.14,0.65,-14.66,0.01,,,
04/07/2022,41936486822,Bought 2 LCID Apr 14 2022 21.5 Put @ 0.86,2,LCID Apr 14 2022 21.5 Put,0.86,1.30,-173.32,0.02,,,
04/07/2022,41936594856,Sold 2 LCID Apr 14 2022 21.5 Put @ 0.84,2,LCID Apr 14 2022 21.5 Put,0.84,1.30,166.68,0.02,,,
04/07/2022,41936978917,Bought 2 MO Apr 14 2022 53.0 Put @ 0.43,2,MO Apr 14 2022 53.0 Put,0.43,1.30,-87.32,0.02,,,
04/08/2022,41957973504,Sold 2 MO Apr 14 2022 53.0 Put @ 0.25,2,MO Apr 14 2022 53.0 Put,0.25,1.30,48.68,0.02,,,
04/08/2022,41958938781,Bought 1 SQQQ Apr 22 2022 37.0 Call @ 2.28,1,SQQQ Apr 22 2022 37.0 Call,2.28,0.65,-228.66,0.01,,,
04/08/2022,41959418323,Bought 1 SARK May 20 2022 51.0 Call @ 3.9,1,SARK May 20 2022 51.0 Call,3.90,0.65,-390.66,0.01,,,
04/11/2022,41979903315,REMOVAL OF OPTION DUE TO EXPIRATION (0LCID.P820021000),1,,,,0.00,,,,
04/11/2022,41980054715,REMOVAL OF OPTION DUE TO EXPIRATION (0TSM..D820114000),2,,,,0.00,,,,
04/11/2022,41987891277,Sold 1 TSM Apr 22 2022 97.0 Put @ 3,1,TSM Apr 22 2022 97.0 Put,3.00,0.65,299.34,0.01,,,
04/11/2022,41987990023,Sold 1 SQQQ Apr 22 2022 37.0 Call @ 3.2,1,SQQQ Apr 22 2022 37.0 Call,3.20,0.65,319.34,0.01,,,
04/11/2022,41988576818,Sold 1 SARK May 20 2022 51.0 Call @ 4.6,1,SARK May 20 2022 51.0 Call,4.60,0.65,459.34,0.01,,,
04/11/2022,41989582653,Bought 1 MSFT Apr 14 2022 292.5 Call @ 1.9,1,MSFT Apr 14 2022 292.5 Call,1.90,0.65,-190.66,0.01,,,
04/11/2022,41994502390,Bought 1 MSFT Apr 14 2022 277.5 Put @ 1.09,1,MSFT Apr 14 2022 277.5 Put,1.09,0.65,-109.66,0.01,,,
04/11/2022,41994688095,Sold 1 MSFT Apr 14 2022 277.5 Put @ 1.15,1,MSFT Apr 14 2022 277.5 Put,1.15,0.65,114.34,0.01,,,
04/11/2022,41995325409,Sold 1 MSFT Apr 14 2022 292.5 Call @ 1.14,1,MSFT Apr 14 2022 292.5 Call,1.14,0.65,113.34,0.01,,,
04/13/2022,42043509039,Bought 5 TLRY May 6 2022 6.0 Put @ 0.37,5,TLRY May 6 2022 6.0 Put,0.37,3.25,-188.30,0.05,,,
04/13/2022,42044024174,Bought 1 SQQQ May 20 2022 40.0 Call @ 3.3,1,SQQQ May 20 2022 40.0 Call,3.30,0.65,-330.66,0.01,,,
04/14/2022,42068288730,Sold 1 SQQQ May 20 2022 40.0 Call @ 3.65,1,SQQQ May 20 2022 40.0 Call,3.65,0.65,364.34,0.01,,,
04/14/2022,42068859767,Sold 5 TLRY May 6 2022 6.0 Put @ 0.45,5,TLRY May 6 2022 6.0 Put,0.45,3.25,221.69,0.06,,,
04/18/2022,42087108093,REMOVAL OF OPTION DUE TO EXPIRATION (0SARK.DE20070000),1,,,,0.00,,,,
04/18/2022,42087421629,REMOVAL OF OPTION DUE TO EXPIRATION (0SPY..DE20485000),3,,,,0.00,,,,
04/18/2022,42100487800,Bought 1 TWTR May 20 2022 46.5 Put @ 4.3,1,TWTR May 20 2022 46.5 Put,4.30,0.65,-430.66,0.01,,,
04/18/2022,42101555763,Sold 1 RUN May 20 2022 20.0 Put @ 0.8,1,RUN May 20 2022 20.0 Put,0.80,0.65,79.34,0.01,,,
04/18/2022,42104034236,Bought 1 TWTR Apr 22 2022 47.5 Put @ 2.19,1,TWTR Apr 22 2022 47.5 Put,2.19,0.65,-219.66,0.01,,,
04/18/2022,42104669005,Sold 1 TWTR Apr 22 2022 47.5 Put @ 1.9,1,TWTR Apr 22 2022 47.5 Put,1.90,0.65,189.34,0.01,,,
04/19/2022,42127065079,Sold 1 TWTR May 20 2022 46.5 Put @ 4.7,1,TWTR May 20 2022 46.5 Put,4.70,0.65,469.34,0.01,,,
04/21/2022,42177438051,Bought 1 SQQQ May 20 2022 42.0 Call @ 4,1,SQQQ May 20 2022 42.0 Call,4.00,0.65,-400.66,0.01,,,
04/21/2022,42177808082,Sold 1 SQQQ May 20 2022 42.0 Call @ 4.3,1,SQQQ May 20 2022 42.0 Call,4.30,0.65,429.34,0.01,,,
04/21/2022,42177828075,Bought 1 SQQQ Apr 22 2022 41.0 Put @ 0.52,1,SQQQ Apr 22 2022 41.0 Put,0.52,0.65,-52.66,0.01,,,
04/21/2022,42177898615,Bought 1 SQQQ Apr 22 2022 43.0 Call @ 0.58,1,SQQQ Apr 22 2022 43.0 Call,0.58,0.65,-58.66,0.01,,,
04/21/2022,42177877736,Sold 1 SQQQ Apr 22 2022 41.0 Put @ 0.5,1,SQQQ Apr 22 2022 41.0 Put,0.50,0.65,49.34,0.01,,,
04/22/2022,42199085207,Sold 1 SQQQ Apr 22 2022 43.0 Call @ 0.92,1,SQQQ Apr 22 2022 43.0 Call,0.92,0.65,91.34,0.01,,,
04/22/2022,42199433807,Bought 4 TSM Apr 22 2022 97.0 Call @ 0.15,4,TSM Apr 22 2022 97.0 Call,0.15,2.60,-62.64,0.04,,,
04/22/2022,42201225250,Bought 1 TSM May 6 2022 95.0 Put @ 2.49,1,TSM May 6 2022 95.0 Put,2.49,0.65,-249.66,0.01,,,
04/22/2022,42201521142,Bought 1 RUN May 20 2022 17.5 Put @ 1.09,1,RUN May 20 2022 17.5 Put,1.09,0.65,-109.66,0.01,,,
04/25/2022,42216173515,REMOVAL OF OPTION DUE TO EXPIRATION (0TSM..DM20097000),4,,,,0.00,,,,
04/26/2022,42253339368,Sold 1 TSM May 6 2022 95.0 Put @ 3.75,1,TSM May 6 2022 95.0 Put,3.75,0.65,374.34,0.01,,,
04/26/2022,42253496315,Bought 5 TWTR May 6 2022 50.0 Put @ 0.87,5,TWTR May 6 2022 50.0 Put,0.87,3.25,-438.30,0.05,,,
04/27/2022,42276759454,Sold 5 TWTR May 6 2022 50.0 Put @ 1.53,5,TWTR May 6 2022 50.0 Put,1.53,3.25,761.69,0.06,,,
04/27/2022,42277482963,Sold 1 RUN May 20 2022 17.5 Put @ 0.84,1,RUN May 20 2022 17.5 Put,0.84,0.65,83.34,0.01,,,
04/27/2022,42278061031,Bought 1 TSM Jun 17 2022 90.0 Put @ 5.19,1,TSM Jun 17 2022 90.0 Put,5.19,0.65,-519.66,0.01,,,
04/27/2022,42278111951,Bought 2 TWTR Apr 29 2022 48.0 Put @ 0.8,2,TWTR Apr 29 2022 48.0 Put,0.80,1.30,-161.32,0.02,,,
04/27/2022,42280350421,Bought 1 RUN May 20 2022 22.5 Call @ 1.42,1,RUN May 20 2022 22.5 Call,1.42,0.65,-142.66,0.01,,,
04/28/2022,42305981150,Bought 1 TSM May 6 2022 93.0 Call @ 2.23,1,TSM May 6 2022 93.0 Call,2.23,0.65,-223.66,0.01,,,
04/28/2022,42306046331,Bought 1 TWTR May 13 2022 49.0 Put @ 1.1,1,TWTR May 13 2022 49.0 Put,1.10,0.65,-110.66,0.01,,,
04/28/2022,42306557324,Sold 2 TWTR Apr 29 2022 48.0 Put @ 0.11,2,TWTR Apr 29 2022 48.0 Put,0.11,1.30,20.68,0.02,,,
04/28/2022,42306575366,Sold 1 TSM Jun 17 2022 90.0 Put @ 3.85,1,TSM Jun 17 2022 90.0 Put,3.85,0.65,384.34,0.01,,,
04/28/2022,42306649707,Bought 1 SPY May 27 2022 445.0 Call @ 2.51,1,SPY May 27 2022 445.0 Call,2.51,0.65,-251.66,0.01,,,
04/28/2022,42306941671,Bought 1 SQQQ Apr 29 2022 42.0 Put @ 0.48,1,SQQQ Apr 29 2022 42.0 Put,0.48,0.65,-48.66,0.01,,,
04/28/2022,42307034295,Sold 1 TSM May 6 2022 93.0 Call @ 2.9,1,TSM May 6 2022 93.0 Call,2.90,0.65,289.34,0.01,,,
04/28/2022,42307878733,Sold 1 SPY May 27 2022 445.0 Call @ 3.1,1,SPY May 27 2022 445.0 Call,3.10,0.65,309.34,0.01,,,
04/28/2022,42309132038,Sold 1 SQQQ Apr 29 2022 42.0 Put @ 0.9,1,SQQQ Apr 29 2022 42.0 Put,0.90,0.65,89.34,0.01,,,
04/28/2022,42309288838,Bought 3 SPY May 6 2022 450.0 Call @ 0.35,3,SPY May 6 2022 450.0 Call,0.35,1.95,-106.98,0.03,,,
04/28/2022,42309342893,Sold 2 SPY May 6 2022 450.0 Call @ 0.35,2,SPY May 6 2022 450.0 Call,0.35,1.30,68.68,0.02,,,
05/02/2022,42395591366,Sold 1 RUN May 20 2022 22.5 Call @ 1.47,1,RUN May 20 2022 22.5 Call,1.47,0.65,146.34,0.01,,,
05/03/2022,42424329249,Bought 1 RUN May 20 2022 25.0 Call @ 1.6,1,RUN May 20 2022 25.0 Call,1.60,0.65,-160.66,0.01,,,
05/03/2022,42425065336,Bought 3 RUN May 20 2022 17.5 Put @ 0.48,3,RUN May 20 2022 17.5 Put,0.48,1.95,-145.98,0.03,,,
05/04/2022,42452392095,Sold 1 RUN May 20 2022 25.0 Call @ 1.66,1,RUN May 20 2022 25.0 Call,1.66,0.65,165.34,0.01,,,
05/04/2022,42452416422,Sold 1 RUN May 20 2022 17.5 Put @ 0.43,1,RUN May 20 2022 17.5 Put,0.43,0.65,42.34,0.01,,,
05/04/2022,42453250686,Bought 1 RUN May 20 2022 30.0 Call @ 0.55,1,RUN May 20 2022 30.0 Call,0.55,0.65,-55.66,0.01,,,
05/05/2022,42483457689,Bought 1 XOM May 27 2022 88.0 Put @ 3.25,1,XOM May 27 2022 88.0 Put,3.25,0.65,-325.66,0.01,,,
05/05/2022,42485497833,Sold 1 XOM May 27 2022 88.0 Put @ 2.41,1,XOM May 27 2022 88.0 Put,2.41,0.65,240.34,0.01,,,
05/09/2022,42537051675,REMOVAL OF OPTION DUE TO EXPIRATION (0SPY..E620450000),1,,,,0.00,,,,
05/10/2022,42580148585,Bought 1 RUN May 20 2022 17.5 Put @ 0.68,1,RUN May 20 2022 17.5 Put,0.68,0.65,-68.66,0.01,,,
05/10/2022,42580277786,Bought 1 TSM Jun 17 2022 90.0 Put @ 5.7,1,TSM Jun 17 2022 90.0 Put,5.70,0.65,-570.66,0.01,,,
05/10/2022,42580342410,Sold 1 TWTR May 13 2022 49.0 Put @ 2.28,1,TWTR May 13 2022 49.0 Put,2.28,0.65,227.34,0.01,,,
05/10/2022,42582885752,Bought 1 TWTR May 13 2022 47.5 Put @ 0.63,1,TWTR May 13 2022 47.5 Put,0.63,0.65,-63.66,0.01,,,
05/10/2022,42584186547,Bought 1 SQQQ May 20 2022 50.0 Put @ 3.45,1,SQQQ May 20 2022 50.0 Put,3.45,0.65,-345.66,0.01,,,
05/11/2022,42606122533,Sold 1 TSM Jun 17 2022 90.0 Put @ 4.95,1,TSM Jun 17 2022 90.0 Put,4.95,0.65,494.34,0.01,,,
05/11/2022,42609601567,Sold 1 SQQQ May 20 2022 50.0 Put @ 1.52,1,SQQQ May 20 2022 50.0 Put,1.52,0.65,151.34,0.01,,,
05/11/2022,42610441862,Sold 1 TWTR May 13 2022 47.5 Put @ 1.25,1,TWTR May 13 2022 47.5 Put,1.25,0.65,124.34,0.01,,,
05/11/2022,42610585204,Sold 2 RUN May 20 2022 17.5 Put @ 1,2,RUN May 20 2022 17.5 Put,1.00,1.30,198.68,0.02,,,
05/12/2022,42640761833,Bought 3 SPY Jun 17 2022 440.0 Call @ 0.59,3,SPY Jun 17 2022 440.0 Call,0.59,1.95,-178.98,0.03,,,
05/12/2022,42640814936,Bought 1 SPY Jun 17 2022 305.0 Put @ 1.02,1,SPY Jun 17 2022 305.0 Put,1.02,0.65,-102.66,0.01,,,
05/13/2022,42670773437,Bought 1 RUN May 20 2022 25.0 Call @ 0.19,1,RUN May 20 2022 25.0 Call,0.19,0.65,-19.66,0.01,,,
05/18/2022,42758044838,Bought 1 SQQQ May 20 2022 54.0 Put @ 1.3,1,SQQQ May 20 2022 54.0 Put,1.30,0.65,-130.66,0.01,,,
05/18/2022,42758125503,Sold 1 SQQQ May 20 2022 54.0 Put @ 1.34,1,SQQQ May 20 2022 54.0 Put,1.34,0.65,133.34,0.01,,,
05/23/2022,42828959729,REMOVAL OF OPTION DUE TO EXPIRATION (0RUN..EK20025000),1,,,,0.00,,,,
05/23/2022,42828987253,REMOVAL OF OPTION DUE TO EXPIRATION (0RUN..EK20030000),1,,,,0.00,,,,
05/23/2022,42829121715,REMOVAL OF OPTION DUE TO EXPIRATION (0RUN..QK20017500),1,,,,0.00,,,,
05/23/2022,42829128861,REMOVAL OF OPTION DUE TO EXPIRATION (0RUN..QK20020000),1,,,,0.00,,,,
05/23/2022,42837130937,Bought 1 SPY Jun 17 2022 440.0 Call @ 0.31,1,SPY Jun 17 2022 440.0 Call,0.31,0.65,-31.66,0.01,,,
05/23/2022,42837156497,Sold 1 TSLA Sep 16 2022 200.0 Put @ 3.03,1,TSLA Sep 16 2022 200.0 Put,3.03,0.65,302.33,0.02,,,
05/27/2022,42936757401,Bought 1 RUN Jun 17 2022 25.0 Put @ 1.6,1,RUN Jun 17 2022 25.0 Put,1.60,0.65,-160.66,0.01,,,
05/27/2022,42937065350,Bought 17 SPY Jul 15 2022 500.0 Call @ 0.06,17,SPY Jul 15 2022 500.0 Call,0.06,11.05,-113.22,0.17,,,
05/27/2022,42938132727,Sold 2 SPY Jun 17 2022 440.0 Call @ 0.94,2,SPY Jun 17 2022 440.0 Call,0.94,1.30,186.68,0.02,,,
05/27/2022,42938139325,Bought 33 SPY Jul 15 2022 500.0 Call @ 0.06,33,SPY Jul 15 2022 500.0 Call,0.06,21.45,-219.78,0.33,,,
05/27/2022,42938606388,Bought 1 TWTR Jul 15 2022 50.0 Call @ 0.48,1,TWTR Jul 15 2022 50.0 Call,0.48,0.65,-48.66,0.01,,,
05/31/2022,42963537265,Sold 1 RUN Jun 17 2022 25.0 Put @ 1.21,1,RUN Jun 17 2022 25.0 Put,1.21,0.65,120.34,0.01,,,
06/02/2022,43056767952,Bought 1 BMBL Jun 17 2022 30.0 Put @ 1.4,1,BMBL Jun 17 2022 30.0 Put,1.40,0.65,-140.66,0.01,,,
06/03/2022,43080763728,Sold 1 BMBL Jun 17 2022 30.0 Put @ 1.65,1,BMBL Jun 17 2022 30.0 Put,1.65,0.65,164.34,0.01,,,
06/06/2022,43107330901,Bought 1 TSM Jul 1 2022 96.0 Call @ 2.06,1,TSM Jul 1 2022 96.0 Call,2.06,0.65,-206.66,0.01,,,
06/06/2022,43107982835,Bought 1 ILMN Jun 17 2022 220.0 Put @ 5.2,1,ILMN Jun 17 2022 220.0 Put,5.20,0.65,-520.66,0.01,,,
06/07/2022,43144610997,Sold 1 ILMN Jun 17 2022 220.0 Put @ 3.7,1,ILMN Jun 17 2022 220.0 Put,3.70,0.65,369.33,0.02,,,
06/07/2022,43145751250,Bought 3 TSM Jun 10 2022 94.0 Call @ 0.86,3,TSM Jun 10 2022 94.0 Call,0.86,1.95,-259.98,0.03,,,
06/08/2022,43162658475,Sold 3 TSM Jun 10 2022 94.0 Call @ 1.13,3,TSM Jun 10 2022 94.0 Call,1.13,1.95,337.00,0.05,,,
06/08/2022,43169322023,Bought 1 BABA Jun 10 2022 115.0 Put @ 1.92,1,BABA Jun 10 2022 115.0 Put,1.92,0.65,-192.66,0.01,,,
06/08/2022,43169487812,Sold 1 BABA Jun 10 2022 115.0 Put @ 1.65,1,BABA Jun 10 2022 115.0 Put,1.65,0.65,164.34,0.01,,,
06/09/2022,43186538517,Bought 1 SARK Jul 15 2022 58.0 Put @ 4.7,1,SARK Jul 15 2022 58.0 Put,4.70,0.65,-470.66,0.01,,,
06/09/2022,43186510084,Bought 1 SQQQ Jul 15 2022 46.0 Put @ 4.3,1,SQQQ Jul 15 2022 46.0 Put,4.30,0.65,-430.66,0.01,,,
06/09/2022,43191181787,Sold 1 SARK Jul 15 2022 58.0 Put @ 3.74,1,SARK Jul 15 2022 58.0 Put,3.74,0.65,373.33,0.02,,,
06/09/2022,43192352740,Sold 1 TSM Jul 1 2022 96.0 Call @ 1.16,1,TSM Jul 1 2022 96.0 Call,1.16,0.65,115.34,0.01,,,
06/09/2022,43195004030,Sold 1 SQQQ Jul 15 2022 46.0 Put @ 3.3,1,SQQQ Jul 15 2022 46.0 Put,3.30,0.65,329.33,0.02,,,
06/10/2022,43220752890,Bought 1 SPY Jun 10 2022 392.0 Call @ 1.77,1,SPY Jun 10 2022 392.0 Call,1.77,0.65,-177.66,0.01,,,
06/10/2022,43224960447,Bought 1 SPY Jun 30 2022 395.0 Call @ 6.96,1,SPY Jun 30 2022 395.0 Call,6.96,0.65,-696.66,0.01,,,
06/13/2022,43241748570,REMOVAL OF OPTION DUE TO EXPIRATION (0SPY..FA20392000),1,,,,0.00,,,,
06/13/2022,43253792578,Bought 1 SQQQ Jun 24 2022 60.0 Put @ 4.2,1,SQQQ Jun 24 2022 60.0 Put,4.20,0.65,-420.66,0.01,,,
06/13/2022,43255265053,Bought 1 TAN Jul 1 2022 69.0 Put @ 3.3,1,TAN Jul 1 2022 69.0 Put,3.30,0.65,-330.66,0.01,,,
06/13/2022,43255378895,Bought 50 SPY Aug 19 2022 480.0 Call @ 0.08,50,SPY Aug 19 2022 480.0 Call,0.08,32.50,-433.00,0.50,,,
06/14/2022,43284426934,Bought 15 SPY Jun 17 2022 305.0 Put @ 0.08,15,SPY Jun 17 2022 305.0 Put,0.08,9.75,-129.90,0.15,,,
06/14/2022,43285355401,Sold 16 SPY Jun 17 2022 305.0 Put @ 0.08,16,SPY Jun 17 2022 305.0 Put,0.08,10.40,117.41,0.19,,,
06/15/2022,43325602251,Bought 1 TAN Jun 24 2022 74.0 Call @ 1.1,1,TAN Jun 24 2022 74.0 Call,1.10,0.65,-110.66,0.01,,,
06/15/2022,43325745283,Bought 1 SQQQ Jun 24 2022 50.0 Put @ 0.9,1,SQQQ Jun 24 2022 50.0 Put,0.90,0.65,-90.66,0.01,,,
06/15/2022,43326562724,Sold 1 SQQQ Jun 24 2022 60.0 Put @ 5.5,1,SQQQ Jun 24 2022 60.0 Put,5.50,0.65,549.33,0.02,,,
06/16/2022,43351197889,Sold 1 TAN Jul 1 2022 69.0 Put @ 4,1,TAN Jul 1 2022 69.0 Put,4.00,0.65,399.33,0.02,,,
06/16/2022,43357466119,Bought 1 SPY Jul 5 2022 335.0 Put @ 2.59,1,SPY Jul 5 2022 335.0 Put,2.59,0.65,-259.66,0.01,,,
06/17/2022,43380928430,Bought 1 SQQQ Jun 24 2022 50.0 Put @ 0.24,1,SQQQ Jun 24 2022 50.0 Put,0.24,0.65,-24.66,0.01,,,
06/21/2022,43399159699,REMOVAL OF OPTION DUE TO EXPIRATION (0SPY..FH20440000),2,,,,0.00,,,,
06/23/2022,43457888598,Bought 2 ILMN Aug 19 2022 220.0 Call @ 4.39,2,ILMN Aug 19 2022 220.0 Call,4.39,1.30,-879.32,0.02,,,
06/23/2022,43464389296,Sold 2 ILMN Aug 19 2022 220.0 Call @ 7,2,ILMN Aug 19 2022 220.0 Call,7.00,1.30,1398.65,0.05,,,
06/23/2022,43464468027,Bought 1 ILMN Jun 24 2022 197.5 Call @ 1.1,1,ILMN Jun 24 2022 197.5 Call,1.10,0.65,-110.66,0.01,,,
06/23/2022,43464977635,Bought 1 SPY Jun 24 2022 376.0 Put @ 1.59,1,SPY Jun 24 2022 376.0 Put,1.59,0.65,-159.66,0.01,,,
06/24/2022,43490955656,Sold 1 SPY Jun 24 2022 376.0 Put @ 0.45,1,SPY Jun 24 2022 376.0 Put,0.45,0.65,44.34,0.01,,,
06/24/2022,43492385662,Bought 1 SARK Jul 8 2022 56.0 Put @ 2.75,1,SARK Jul 8 2022 56.0 Put,2.75,0.65,-275.66,0.01,,,
06/27/2022,43513975716,REMOVAL OF OPTION DUE TO EXPIRATION (0ILMN.FO20197500),1,,,,0.00,,,,
06/27/2022,43514070182,REMOVAL OF OPTION DUE TO EXPIRATION (0SQQQ.RO20050000),2,,,,0.00,,,,
06/27/2022,43514288400,REMOVAL OF OPTION DUE TO EXPIRATION (0TAN..FO20074000),1,,,,0.00,,,,
06/28/2022,43555805903,Bought 2 ON Jul 22 2022 57.0 Call @ 2.05,2,ON Jul 22 2022 57.0 Call,2.05,1.30,-411.32,0.02,,,
06/28/2022,43557243301,Bought 1 SPY Jun 29 2022 390.0 Call @ 1.76,1,SPY Jun 29 2022 390.0 Call,1.76,0.65,-176.66,0.01,,,
06/28/2022,43557435081,Sold 1 SPY Jun 29 2022 390.0 Call @ 2,1,SPY Jun 29 2022 390.0 Call,2.00,0.65,199.34,0.01,,,
06/28/2022,43558559426,Bought 10 SPY Dec 16 2022 500.0 Call @ 0.45,10,SPY Dec 16 2022 500.0 Call,0.45,6.50,-456.60,0.10,,,
06/28/2022,43558562250,Sold 40 SPY Aug 19 2022 480.0 Call @ 0.05,40,SPY Aug 19 2022 480.0 Call,0.05,26.00,173.51,0.49,,,
06/29/2022,43586548993,Bought 3 ON Sep 16 2022 70.0 Call @ 0.7,3,ON Sep 16 2022 70.0 Call,0.70,1.95,-211.98,0.03,,,
06/29/2022,43590374244,Bought 15 SPY Aug 19 2022 480.0 Call @ 0.05,15,SPY Aug 19 2022 480.0 Call,0.05,9.75,-84.90,0.15,,,
06/29/2022,43594295421,Bought 1 RUN Jul 15 2022 22.5 Call @ 1.48,1,RUN Jul 15 2022 22.5 Call,1.48,0.65,-148.66,0.01,,,
06/30/2022,43623872045,Sold 1 RUN Jul 15 2022 22.5 Call @ 1.78,1,RUN Jul 15 2022 22.5 Call,1.78,0.65,177.34,0.01,,,
06/30/2022,43624804396,Bought 1 SPY Jun 30 2022 370.0 Put @ 1,1,SPY Jun 30 2022 370.0 Put,1.00,0.65,-100.66,0.01,,,
06/30/2022,43624891988,Sold 1 SPY Jun 30 2022 370.0 Put @ 0.93,1,SPY Jun 30 2022 370.0 Put,0.93,0.65,92.34,0.01,,,
06/30/2022,43633169916,Bought 1 SQQQ Jul 1 2022 53.5 Put @ 0.16,1,SQQQ Jul 1 2022 53.5 Put,0.16,0.65,-16.66,0.01,,,
07/01/2022,43682976154,REMOVAL OF OPTION DUE TO EXPIRATION (0SPY..FU20395000),1,,,,0.00,,,,
07/05/2022,43707570803,REMOVAL OF OPTION DUE TO EXPIRATION (0SQQQ.S120053500),1,,,,0.00,,,,
07/05/2022,43717029701,CLIENT REQUESTED ELECTRONIC FUNDING RECEIPT (FUNDS NOW),,,,,2000.00,,,,
07/05/2022,43717924853,Bought 1 SQQQ Jul 15 2022 53.0 Put @ 1.33,1,SQQQ Jul 15 2022 53.0 Put,1.33,0.65,-133.66,0.01,,,
07/05/2022,43719634008,Bought 1 ON Jul 22 2022 45.5 Call @ 2.4,1,ON Jul 22 2022 45.5 Call,2.40,0.65,-240.66,0.01,,,
07/05/2022,43720240432,Sold 1 SQQQ Jul 15 2022 53.0 Put @ 1.75,1,SQQQ Jul 15 2022 53.0 Put,1.75,0.65,174.34,0.01,,,
07/05/2022,43720498453,Sold 1 ON Jul 22 2022 45.5 Call @ 2.6,1,ON Jul 22 2022 45.5 Call,2.60,0.65,259.33,0.02,,,
07/06/2022,43745282541,REMOVAL OF OPTION DUE TO EXPIRATION (0SPY..S520335000),1,,,,0.00,,,,
07/06/2022,43746351821,Sold 1 SARK Jul 8 2022 56.0 Put @ 1.3,1,SARK Jul 8 2022 56.0 Put,1.30,0.65,129.34,0.01,,,
07/07/2022,43774011595,Bought 15 ON @ 50.5,15,ON,50.50,0.00,-757.50,,,,
07/07/2022,43774399608,Bought 3 NFLX @ 185.1359,3,NFLX,185.1359,0.00,-555.41,,,,
07/07/2022,43775099106,Bought 1 SARK Jul 15 2022 50.0 Put @ 0.46,1,SARK Jul 15 2022 50.0 Put,0.46,0.65,-46.66,0.01,,,
07/07/2022,43778573711,Bought 1 RUN Jul 15 2022 30.0 Call @ 0.4,1,RUN Jul 15 2022 30.0 Call,0.40,0.65,-40.66,0.01,,,
07/12/2022,43855057404,Sold 1 TLRY Jul 15 2022 3.0 Put @ 0.04,1,TLRY Jul 15 2022 3.0 Put,0.04,0.65,3.34,0.01,,,
07/12/2022,43860060618,Sold 15 ON @ 52.54,15,ON,52.54,0.00,788.08,0.02,,,
07/13/2022,43874310758,Bought 4 NFLX @ 170,4,NFLX,170.00,0.00,-680.00,,,,
07/13/2022,43876334694,Bought 4 SPY Dec 16 2022 500.0 Call @ 0.21,4,SPY Dec 16 2022 500.0 Call,0.21,2.60,-86.64,0.04,,,
07/14/2022,43899994494,Bought 10 TLRY Jul 15 2022 3.5 Put @ 0.07,10,TLRY Jul 15 2022 3.5 Put,0.07,6.50,-76.60,0.10,,,
07/15/2022,43919878700,Sold 10 TLRY Jul 15 2022 3.5 Put @ 0.15,10,TLRY Jul 15 2022 3.5 Put,0.15,6.50,143.38,0.12,,,
07/15/2022,43920298721,Bought 35 RUN @ 22.1863,35,RUN,22.1863,0.00,-776.52,,,,
07/15/2022,43920956662,Bought 1 TLRY Jul 15 2022 3.0 Put @ 0.01,1,TLRY Jul 15 2022 3.0 Put,0.01,0.00,-1.01,0.01,,,
07/15/2022,43922162079,Sold 4 NFLX @ 180,4,NFLX,180.00,0.00,719.98,0.02,,,
07/18/2022,43939123759,REMOVAL OF OPTION DUE TO EXPIRATION (0SARK.SF20050000),1,,,,0.00,,,,
07/18/2022,43939249175,REMOVAL OF OPTION DUE TO EXPIRATION (0SPY..GF20500000),50,,,,0.00,,,,
07/18/2022,43939316829,REMOVAL OF OPTION DUE TO EXPIRATION (0TWTR.GF20050000),1,,,,0.00,,,,
07/18/2022,43939601163,REMOVAL OF OPTION DUE TO EXPIRATION (0RUN..GF20030000),1,,,,0.00,,,,
07/18/2022,43946213971,CLIENT REQUESTED ELECTRONIC FUNDING RECEIPT (FUNDS NOW),,,,,500.00,,,,
07/18/2022,43946214011,CLIENT REQUESTED ELECTRONIC FUNDING RECEIPT (FUNDS NOW),,,,,500.00,,,,
07/18/2022,43948648471,Bought 3 SNAP Aug 19 2022 19.0 Call @ 0.34,3,SNAP Aug 19 2022 19.0 Call,0.34,1.95,-103.98,0.03,,,
07/18/2022,43948667076,Sold 15 RUN @ 25.0001,15,RUN,25.0001,0.00,374.99,0.01,,,
07/18/2022,43948872144,Bought 20 SPY Aug 19 2022 480.0 Call @ 0.02,20,SPY Aug 19 2022 480.0 Call,0.02,13.00,-53.20,0.20,,,
07/19/2022,43970721784,Bought 100 SNAP @ 13.5,100,SNAP,13.50,0.00,-1350.00,,,,
07/19/2022,43974105621,Sold 1 ON Jul 22 2022 57.0 Call @ 1.8,1,ON Jul 22 2022 57.0 Call,1.80,0.65,179.34,0.01,,,
07/19/2022,43976162154,Sold 1 ON Jul 22 2022 57.0 Call @ 2.35,1,ON Jul 22 2022 57.0 Call,2.35,0.65,234.33,0.02,,,
07/20/2022,43992014249,Sold 2 ON Sep 16 2022 70.0 Call @ 1.4,2,ON Sep 16 2022 70.0 Call,1.40,1.30,278.67,0.03,,,
07/20/2022,43993824178,Bought 1 SPY Jul 22 2022 400.0 Call @ 1.14,1,SPY Jul 22 2022 400.0 Call,1.14,0.65,-114.66,0.01,,,
07/21/2022,44014969656,Sold 2 SNAP Aug 19 2022 19.0 Call @ 0.8,2,SNAP Aug 19 2022 19.0 Call,0.80,1.30,158.68,0.02,,,
07/21/2022,44015456574,Bought 10 RUN @ 23.7,10,RUN,23.70,0.00,-237.00,,,,
07/21/2022,44020953988,Sold 1 SNAP Jul 22 2022 17.0 Call @ 1.25,1,SNAP Jul 22 2022 17.0 Call,1.25,0.65,124.34,0.01,,,
07/21/2022,44021001732,Bought 1 SNAP Jul 22 2022 16.0 Put @ 1.25,1,SNAP Jul 22 2022 16.0 Put,1.25,0.65,-125.66,0.01,,,
07/22/2022,44039716196,Sold 3 NFLX @ 222.6234,3,NFLX,222.6234,0.00,667.85,0.02,,,
07/22/2022,44040244334,Sold 1 SNAP Jul 22 2022 16.0 Put @ 5.8,1,SNAP Jul 22 2022 16.0 Put,5.80,0.65,579.33,0.02,,,
07/22/2022,44040265324,Sold 1 SPY Jul 22 2022 400.0 Call @ 0.42,1,SPY Jul 22 2022 400.0 Call,0.42,0.65,41.34,0.01,,,
07/22/2022,44040304007,Sold 1 ON Sep 16 2022 70.0 Call @ 1.45,1,ON Sep 16 2022 70.0 Call,1.45,0.65,144.34,0.01,,,
07/25/2022,44056783684,REMOVAL OF OPTION DUE TO EXPIRATION (0SNAP.GM20017000),1,,,,0.00,,,,
07/25/2022,44062720534,Sold 1 SNAP Jul 29 2022 10.0 Put @ 0.6,1,SNAP Jul 29 2022 10.0 Put,0.60,0.65,59.34,0.01,,,
07/25/2022,44062946547,Bought 2 SNAP Sep 16 2022 12.0 Call @ 0.62,2,SNAP Sep 16 2022 12.0 Call,0.62,2.60,-126.62,0.02,,,
07/25/2022,44062946566,Bought 2 SNAP Sep 16 2022 12.0 Call @ 0.61,2,SNAP Sep 16 2022 12.0 Call,0.61,0.00,-122.02,0.02,,,
07/26/2022,44086755826,Bought 1 SNAP Jul 29 2022 10.0 Put @ 0.51,1,SNAP Jul 29 2022 10.0 Put,0.51,0.65,-51.66,0.01,,,
07/28/2022,44133518038,Sold 10 RUN @ 29.2642,10,RUN,29.2642,0.00,292.63,0.01,,,
07/28/2022,44133518054,Sold 20 RUN @ 29.2601,20,RUN,29.2601,0.00,585.19,0.01,,,
07/28/2022,44134055550,Bought 5 META @ 157.1361,5,META,157.1361,0.00,-785.68,,,,
07/28/2022,44137521960,Bought 10 ON @ 63.865,10,ON,63.865,0.00,-638.65,,,,
08/01/2022,44225011400,CLIENT REQUESTED ELECTRONIC FUNDING RECEIPT (FUNDS NOW),,,,,500.00,,,,
08/01/2022,44225889640,Bought 100 RIOT @ 7,100,RIOT,7.00,0.00,-700.00,,,,
08/01/2022,44232655283,Sold 1 RIOT Aug 5 2022 7.5 Call @ 0.26,1,RIOT Aug 5 2022 7.5 Call,0.26,0.65,25.34,0.01,,,
08/02/2022,44261172768,Bought 1 RIOT Aug 5 2022 7.5 Call @ 0.53,1,RIOT Aug 5 2022 7.5 Call,0.53,0.65,-53.66,0.01,,,
08/03/2022,44281102917,Sold 5 META @ 167.5,5,META,167.50,0.00,837.48,0.02,,,
08/03/2022,44282450822,Bought 1 RIOT Dec 16 2022 9.0 Call @ 2.06,1,RIOT Dec 16 2022 9.0 Call,2.06,0.65,-206.66,0.01,,,
08/03/2022,44282558905,Sold 1 RIOT Aug 5 2022 8.5 Call @ 0.18,1,RIOT Aug 5 2022 8.5 Call,0.18,0.65,17.34,0.01,,,
08/03/2022,44282668380,Sold 10 ON @ 66.6322,10,ON,66.6322,0.00,666.30,0.02,,,
08/03/2022,44282710049,Bought 1 RIOT Aug 5 2022 8.5 Call @ 0.18,1,RIOT Aug 5 2022 8.5 Call,0.18,0.65,-18.66,0.01,,,
08/03/2022,44286838724,Sold 1 RIOT Aug 5 2022 8.0 Call @ 0.28,1,RIOT Aug 5 2022 8.0 Call,0.28,0.65,27.34,0.01,,,
08/03/2022,44287037951,Bought 2 RIOT Aug 5 2022 7.5 Put @ 0.14,2,RIOT Aug 5 2022 7.5 Put,0.14,1.30,-29.32,0.02,,,
08/03/2022,44287277059,Sold 4 SPY Dec 16 2022 500.0 Call @ 0.6,4,SPY Dec 16 2022 500.0 Call,0.60,2.60,237.34,0.06,,,
08/04/2022,44312189429,Bought 1 ON Aug 12 2022 66.0 Put @ 1.15,1,ON Aug 12 2022 66.0 Put,1.15,0.65,-115.66,0.01,,,
08/05/2022,44342065752,Bought 100 SNAP @ 10.2,100,SNAP,10.20,0.00,-1020.00,,,,
08/05/2022,44342335117,Bought 2 TLRY Aug 5 2022 4.0 Put @ 0.09,2,TLRY Aug 5 2022 4.0 Put,0.09,1.30,-19.32,0.02,,,
08/05/2022,44342341580,Sold 2 TLRY Aug 5 2022 4.0 Put @ 0.09,2,TLRY Aug 5 2022 4.0 Put,0.09,1.30,16.68,0.02,,,
08/05/2022,44342507400,Bought 1 SPY Aug 12 2022 405.0 Put @ 2.17,1,SPY Aug 12 2022 405.0 Put,2.17,0.65,-217.66,0.01,,,
08/08/2022,44360809580,Sold 100 RIOT @ 8,100,RIOT,8.00,,799.97,0.03,,,
08/08/2022,44360921864,REMOVAL OF OPTION DUE TO ASSIGNMENT (0RIOT.H520008000),1,,,,0.00,,,,
08/08/2022,44361214049,REMOVAL OF OPTION DUE TO EXPIRATION (0RIOT.T520007500),2,,,,0.00,,,,
08/08/2022,44367138188,Bought 2 DKNG Aug 12 2022 17.5 Put @ 0.45,2,DKNG Aug 12 2022 17.5 Put,0.45,1.30,-91.32,0.02,,,
08/08/2022,44374368407,Bought 5 TLRY Aug 12 2022 4.0 Put @ 0.1,5,TLRY Aug 12 2022 4.0 Put,0.10,3.25,-53.30,0.05,,,
08/09/2022,44392093636,Sold 1 ON Aug 12 2022 66.0 Put @ 1.75,1,ON Aug 12 2022 66.0 Put,1.75,0.65,174.34,0.01,,,
08/09/2022,44394052373,Sold 5 TLRY Aug 12 2022 4.0 Put @ 0.2,5,TLRY Aug 12 2022 4.0 Put,0.20,3.25,96.69,0.06,,,
08/10/2022,44417518641,Sold 2 DKNG Aug 12 2022 17.5 Put @ 0.16,2,DKNG Aug 12 2022 17.5 Put,0.16,1.30,30.68,0.02,,,
08/10/2022,44417565212,Bought 2 ILMN @ 222.91,2,ILMN,222.91,0.00,-445.82,,,,
08/10/2022,44420721140,Bought 1 RIOT Dec 16 2022 9.0 Call @ 2.29,1,RIOT Dec 16 2022 9.0 Call,2.29,0.65,-229.66,0.01,,,
08/10/2022,44420777858,Bought 1 SPY Aug 10 2022 418.0 Put @ 0.28,1,SPY Aug 10 2022 418.0 Put,0.28,0.65,-28.66,0.01,,,
08/11/2022,44444531761,REMOVAL OF OPTION DUE TO EXPIRATION (0SPY..TA20418000),1,,,,0.00,,,,
08/11/2022,44448267939,Sold 1 SNAP Sep 16 2022 12.0 Call @ 0.74,1,SNAP Sep 16 2022 12.0 Call,0.74,0.65,73.34,0.01,,,
08/11/2022,44448446846,Sold 6 SPY Dec 16 2022 500.0 Call @ 0.73,6,SPY Dec 16 2022 500.0 Call,0.73,3.90,434.02,0.08,,,
08/11/2022,44448442716,Sold 3 SNAP Sep 16 2022 12.0 Call @ 0.76,3,SNAP Sep 16 2022 12.0 Call,0.76,1.95,226.00,0.05,,,
08/11/2022,44448453498,Bought 5 SNAP Aug 12 2022 11.0 Put @ 0.09,5,SNAP Aug 12 2022 11.0 Put,0.09,3.25,-48.30,0.05,,,
08/11/2022,44448688608,Sold 1 RIOT Dec 16 2022 9.0 Call @ 3.1,1,RIOT Dec 16 2022 9.0 Call,3.10,0.65,309.33,0.02,,,
08/11/2022,44448672991,Sold 2 ILMN @ 231.6108,2,ILMN,231.6108,0.00,463.21,0.01,,,
08/11/2022,44451077734,Sold 5 SNAP Aug 12 2022 11.0 Put @ 0.11,5,SNAP Aug 12 2022 11.0 Put,0.11,3.25,51.69,0.06,,,
08/12/2022,44478305223,Bought 1 SQ Dec 16 2022 120.0 Call @ 3.65,1,SQ Dec 16 2022 120.0 Call,3.65,0.65,-365.66,0.01,,,
08/15/2022,44494137963,REMOVAL OF OPTION DUE TO EXPIRATION (0SPY..TC20405000),1,,,,0.00,,,,
08/15/2022,44503222859,Bought 15 SPY Dec 16 2022 520.0 Call @ 0.24,15,SPY Dec 16 2022 520.0 Call,0.24,9.75,-369.90,0.15,,,
08/16/2022,44531735312,Bought 1 RIOT Dec 16 2022 10.0 Call @ 2.2,1,RIOT Dec 16 2022 10.0 Call,2.20,0.65,-220.66,0.01,,,
08/16/2022,44533943180,Sold 1 SQ Dec 16 2022 120.0 Call @ 3.05,1,SQ Dec 16 2022 120.0 Call,3.05,0.65,304.33,0.02,,,
08/16/2022,44538779926,Bought 400 WISH @ 1.775,400,WISH,1.775,0.00,-710.00,,,,
08/17/2022,44555779005,Bought 25 RIOT @ 8.6999,25,RIOT,8.6999,0.00,-217.50,,,,
08/17/2022,44556392339,Sold 100 WISH @ 1.6301,100,WISH,1.6301,0.00,163.00,0.01,,,
08/17/2022,44556459195,Sold 1 SNAP Aug 19 2022 12.0 Put @ 0.32,1,SNAP Aug 19 2022 12.0 Put,0.32,0.65,31.34,0.01,,,
08/18/2022,44578812338,Bought 4 ILMN @ 210,4,ILMN,210.00,0.00,-840.00,,,,
08/18/2022,44584856727,Bought 1 SNAP Aug 19 2022 12.0 Put @ 0.05,1,SNAP Aug 19 2022 12.0 Put,0.05,0.00,-5.01,0.01,,,
08/19/2022,44600268427,Bought 15 RIOT @ 7.62,15,RIOT,7.62,0.00,-114.30,,,,
08/19/2022,44600272174,Bought 6 ON @ 71.89,6,ON,71.89,0.00,-431.34,,,,
08/19/2022,44600258671,Bought 3 SNAP Sep 23 2022 13.0 Call @ 0.79,3,SNAP Sep 23 2022 13.0 Call,0.79,1.95,-238.98,0.03,,,
08/19/2022,44601296158,Bought 1 SPY Aug 26 2022 421.0 Put @ 2.98,1,SPY Aug 26 2022 421.0 Put,2.98,0.65,-298.66,0.01,,,
08/22/2022,44620820559,REMOVAL OF OPTION DUE TO EXPIRATION (0SPY..HJ20480000),45,,,,0.00,,,,
08/22/2022,44620951551,REMOVAL OF OPTION DUE TO EXPIRATION (0SNAP.HJ20019000),1,,,,0.00,,,,
08/22/2022,44625542844,Bought 6 ON @ 70.39,6,ON,70.39,0.00,-422.34,,,,
08/22/2022,44627929053,Sold 1 SPY Aug 26 2022 421.0 Put @ 7.54,1,SPY Aug 26 2022 421.0 Put,7.54,0.65,753.32,0.03,,,
08/22/2022,44628056478,Bought 1 SPY Aug 24 2022 419.0 Put @ 5.15,1,SPY Aug 24 2022 419.0 Put,5.15,0.65,-515.66,0.01,,,
08/22/2022,44632455316,Sold 1 SPY Aug 24 2022 419.0 Put @ 6.4,1,SPY Aug 24 2022 419.0 Put,6.40,0.65,639.33,0.02,,,
08/22/2022,44633338390,Bought 2 SNAP Aug 26 2022 11.0 Put @ 0.41,2,SNAP Aug 26 2022 11.0 Put,0.41,1.30,-83.32,0.02,,,
08/23/2022,44652405427,Bought 60 RIOT @ 7.2,60,RIOT,7.20,0.00,-432.00,,,,
08/23/2022,44653631571,Bought 1 SNAP Aug 26 2022 11.0 Put @ 0.53,1,SNAP Aug 26 2022 11.0 Put,0.53,0.65,-53.66,0.01,,,
08/23/2022,44654181977,Bought 1 ILMN @ 192.68,1,ILMN,192.68,0.00,-192.68,,,,
08/24/2022,44673118824,Bought 5 SPY Dec 16 2022 520.0 Call @ 0.1,5,SPY Dec 16 2022 520.0 Call,0.10,3.25,-53.30,0.05,,,
08/24/2022,44675458723,Sold 3 SNAP Aug 26 2022 11.0 Put @ 0.38,3,SNAP Aug 26 2022 11.0 Put,0.38,1.95,112.01,0.04,,,
08/24/2022,44675458799,Bought 1 SNAP Sep 2 2022 11.0 Put @ 0.61,1,SNAP Sep 2 2022 11.0 Put,0.61,1.30,-62.30,,,,
08/24/2022,44675458806,Bought 1 SNAP Sep 2 2022 11.0 Put @ 0.6,1,SNAP Sep 2 2022 11.0 Put,0.60,0.00,-60.02,0.02,,,
08/25/2022,44698857210,Bought 1 SNAP Sep 2 2022 11.0 Put @ 0.36,1,SNAP Sep 2 2022 11.0 Put,0.36,0.65,-36.66,0.01,,,
08/26/2022,44720243683,Sold 1 RIOT Dec 16 2022 10.0 Call @ 1.01,1,RIOT Dec 16 2022 10.0 Call,1.01,0.65,100.34,0.01,,,
08/29/2022,44749438359,Bought 1 SQQQ Sep 2 2022 43.5 Call @ 1.41,1,SQQQ Sep 2 2022 43.5 Call,1.41,0.65,-141.66,0.01,,,
08/29/2022,44749914031,Sold 2 ILMN @ 209.5372,2,ILMN,209.5372,0.00,419.06,0.01,,,
08/29/2022,44750588159,Sold 1 SNAP Sep 2 2022 11.0 Put @ 0.81,1,SNAP Sep 2 2022 11.0 Put,0.81,0.65,80.34,0.01,,,
08/29/2022,44750655786,Bought 10 SPY Dec 16 2022 500.0 Call @ 0.16,10,SPY Dec 16 2022 500.0 Call,0.16,6.50,-166.60,0.10,,,
08/30/2022,44758902323,OFF-CYCLE INTEREST (MMDA1),,MMDA1,,,0.20,,,,
08/30/2022,44769334840,Sold 1 SQQQ Sep 2 2022 43.5 Call @ 2.3,1,SQQQ Sep 2 2022 43.5 Call,2.30,0.65,229.33,0.02,,,
08/30/2022,44770608632,Sold 2 SNAP Sep 2 2022 11.0 Put @ 0.91,2,SNAP Sep 2 2022 11.0 Put,0.91,1.30,180.68,0.02,,,
08/30/2022,44770630934,Bought 1 SNAP Sep 23 2022 13.0 Call @ 0.13,1,SNAP Sep 23 2022 13.0 Call,0.13,1.95,-14.96,0.01,,,
08/30/2022,44770630946,Bought 2 SNAP Sep 23 2022 13.0 Call @ 0.12,2,SNAP Sep 23 2022 13.0 Call,0.12,0.00,-24.02,0.02,,,
08/30/2022,44770892946,Bought 20 SPY Nov 18 2022 500.0 Call @ 0.05,20,SPY Nov 18 2022 500.0 Call,0.05,13.00,-113.20,0.20,,,
08/30/2022,44770900221,Bought 10 SPY Oct 21 2022 466.0 Call @ 0.1,10,SPY Oct 21 2022 466.0 Call,0.10,6.50,-106.60,0.10,,,
08/30/2022,44770955027,Bought 1 SPY Sep 2 2022 396.0 Put @ 2.82,1,SPY Sep 2 2022 396.0 Put,2.82,0.65,-282.66,0.01,,,
08/30/2022,44771110058,Bought 1 META @ 157.02,1,META,157.02,0.00,-157.02,,,,
08/31/2022,44795832126,Sold 100 WISH @ 1.27,100,WISH,1.27,0.00,126.99,0.01,,,
08/31/2022,44795810921,Sold 200 WISH @ 1.2671,200,WISH,1.2671,0.00,253.38,0.04,,,
08/31/2022,44795940894,Sold 1 SNAP Sep 2 2022 11.5 Call @ 0.3,1,SNAP Sep 2 2022 11.5 Call,0.30,0.65,29.34,0.01,,,
09/01/2022,44857223657,Sold 1 SPY Sep 2 2022 396.0 Put @ 5,1,SPY Sep 2 2022 396.0 Put,5.00,0.65,499.33,0.02,,,
09/01/2022,44864875702,Bought 10 SPY Oct 21 2022 466.0 Call @ 0.06,10,SPY Oct 21 2022 466.0 Call,0.06,6.50,-66.60,0.10,,,
09/01/2022,44868139419,Bought 1 SNAP Sep 2 2022 11.5 Call @ 0.34,1,SNAP Sep 2 2022 11.5 Call,0.34,0.65,-34.66,0.01,,,
09/02/2022,44894987044,Bought 1 SPY Sep 9 2022 385.0 Put @ 2.43,1,SPY Sep 9 2022 385.0 Put,2.43,0.65,-243.66,0.01,,,
***END OF FILE***
